{"Chamartín": 0.7964491767779477, "Latina": 0.9030908777543736, "Arganzuela": 0.7691522933676544, "Centro": 0.5763276351313105, "Salamanca": 0.7649877688887614, "Fuencarral - El Pardo": 0.8562653735259822, "Ciudad Lineal": 0.8724596419254511, "Moncloa - Aravaca": 0.8403967688369253, "Chamberí": 0.7484438804601946, "San Blas - Canillejas": 0.7246317725003713, "Retiro": 0.8314619411053771, "Villaverde": 0.8803507140058111, "Barajas": 0.9469444296646634, "Hortaleza": 0.9014836818121084, "Puente de Vallecas": 0.8566646714772386, "Usera": 0.8403511035367442, "Carabanchel": 0.846655367482426, "Moratalaz": 0.9295233541597391, "Tetuán": 0.7370085007573908, "Villa de Vallecas": 0.8452879045376722, "Vicálvaro": 0.9359801660131807}